{ 
    "_id" : "nbFiles", 
    "nbFileApp" : 1696.04061302682, 
    "nbFileTest" : 785.081864623244, 
    "nbLibraries" : 52.32630906768838, 
    "nbRunningTest" : 7260.303320561941
}
